{"alpha": 1.0, "fit_intercept": true, "copy_X": true, "max_iter": null, "tol": 0.0001, "solver": "auto", "positive": false, "random_state": null, "n_features_in_": 384, "coef_": [-0.03853880725494038, -0.01905809340322799, -0.21413851257501967, -0.08254717319640346, 0.7106092646875543, 0.39805956947743976, 0.581737659406123, -0.14889301821904066, -0.48594042125279785, -0.39771665505970644, -0.6296251962742906, 0.028026393114832043, -0.18149103978998946, -0.2621929588817883, 0.38274278082909413, -0.11277553809353817, -0.5391535338001271, 0.5099490621648087, 0.2019514684853906, -0.32329227293440976, 0.6058373649754606, 0.3118724729695078, 0.5087869867781964, 0.4952192081016847, 0.5441899148602227, 0.33767895254665137, 0.6040952966720043, 0.05763161058101635, -0.05589704723499632, -1.18850247307615, -0.0057431163812672065, -0.9746468309325335, 0.025677271253752722, 0.46708562577176505, -0.1494421782024485, 0.3710547610934585, 0.153280979157892, -0.01922877976147298, -0.258524655128462, 0.19787543505755553, -0.3269931354690402, -0.31716210057047106, 0.18486948038261453, -0.16512079345267525, 0.22456816565156035, 0.4843350896870013, 0.07637334136246075, 0.9383005397827158, 0.16384742279361864, -0.07335316136532447, -0.6507290318203468, 0.7370450803483491, 0.15186178008848586, -0.7196926757087677, 0.057643212031759546, 0.6378754648495402, 0.4967481429912848, -0.3722248890158909, 0.09573545708569371, -0.9959221114031278, 0.04958228470498547, -0.18153257840777065, 0.47072375633399416, -0.12632723727560718, 0.15926319451345664, 0.8008313463784881, 0.7315732582022976, 0.708686969978482, 0.005321595492564214, -0.4380631469637977, -0.05663034296851859, 1.2138266394016537, -0.9011628783981048, -0.27012711002391593, 0.06057133742722814, -0.18571140046737583, 0.07695611589351521, -0.0580121010580644, -0.07550393020911339, 0.656026833567876, -0.03922408840891646, 0.0875396273663676, 0.6861809287975447, -0.5938060024072949, -0.17339997155961587, -0.4856967081257407, 0.5118829630690225, 0.20865948314523033, -0.4558547051783365, 0.30119661694815, -0.6678883280339287, -0.7390046567326447, -0.44986714848710624, 0.21492096502223582, 0.3901896588063027, -0.45712704427049555, 0.1497751433012649, -0.1170416080428432, -0.22565196840867943, 0.5314056171961685, 0.02784999302026764, -0.6367673632531566, 0.049437253806432595, 0.5941067764910227, -0.6823005931521686, -0.5815015614021848, -0.19887930055674452, 0.1642913175391763, 0.2641293703374726, 0.3592297958370136, 0.431211288496192, -0.2715077253324409, 0.1515753903701479, 0.7703493535452827, -0.9232203906302092, 0.002949789151022365, 0.1737126117410797, -0.11940097307932333, -0.1320026262894664, -1.3178648467000948, 0.0863551675003623, 0.27147894254282107, 0.5055645572483314, -0.14448725754832414, 0.42471089327155825, 0.8183562717785711, 0.5590464856244128, -3.656168403689931e-31, 0.6025008023249556, -0.12052026530816054, 0.6780555049669116, 0.1252023794123145, -0.28245597260828764, 0.04701515275854058, 0.1216891343183234, -0.21110429464462585, -1.5409061027611424, -0.5722163994826448, -0.5652313249138406, 0.7464091349528563, -0.14214800841229733, 0.20103491524837575, 0.008868888648608549, 0.09494146230815047, -0.37212843392996936, -0.26899648517013103, -0.571610354199177, 0.15951261417966903, -0.0255383424634217, -0.3532557639432512, -0.23219318775154563, 0.23175961133188536, 0.9168362596379315, 0.17326587306011668, 0.8329113394330271, -0.20310245106815128, 0.7095121631497456, 0.9422827896127787, -0.2877837556198521, 0.4855742723937739, -1.1279879842198737, 0.25910003212357385, -0.18193207794570754, 0.28110980228229654, 0.6269239721053235, -1.1027710102331234, -0.5314228692044958, 0.2009595037226242, 0.21887002509986336, 0.46982118931630107, -0.3557569126579485, -0.05250908318382794, -0.12882715306978992, 0.346227325069065, -0.29261376848032417, 0.1577963489949042, 0.12583255885622713, -0.779780441382112, 0.3246378789615981, -0.39686820158086517, 0.2590880536820504, -0.4485446663501634, -0.17857175581057366, 0.27273856884135583, 0.18057239379320544, 0.5153845160500812, 0.0949550796060304, 0.1464696821522957, -0.44207879593741284, -0.021823176653721774, 0.5055619109146279, -0.047813941183960505, -0.17061523881193064, -0.024832257259176295, -0.5478182572915906, -0.10045278222277705, 0.20828753581896003, 0.03592817843636003, -0.009061691889004821, -0.4095145724651146, 0.48593825579863387, 0.3162691609890327, -0.2700771247336368, -0.12403036177447013, 0.22182805117057366, 0.06085217268708966, 0.19019484170699494, 0.9543392695433439, -0.13421089076022397, 1.0586763462538482, -0.17634734605876629, 0.9584649354427391, 0.3583401222558112, -0.3789394979708091, 0.4131454156310983, -0.5949499509377247, -0.7017450852895687, -0.23719381536878495, 0.12064055863501662, -0.22885476117396214, 0.7323184560266531, 0.19010790876277026, -0.08349977028736137, 2.7455732971919358e-31, 0.11764628956767008, -0.10290085734286962, 0.3871588780165646, -0.30860821171376895, 0.3395776086020676, 0.2159131385562539, -0.6859380296732918, 0.21286675177538317, -0.5511861162318512, 0.5873075968139867, 0.3643193550827521, 0.6957792543655055, 0.22300560782425627, 0.2476601341388028, -0.5172173742558637, 0.24396849634451626, -0.5010105655101714, -0.2434051198038406, 0.6014906816010874, -0.04477986321547259, -0.338131823179217, -0.46108358227644947, 0.00962325675925899, -0.1959088656822257, 0.7641325253338153, 0.22168567148593665, 0.38011237892874034, 0.5231012703129263, 0.1861451739797124, 1.0009257195011685, -0.5619622814761471, -0.968137107749528, 0.5089602951397051, -0.8831812120900151, -0.1221144521225486, -0.050350183791043265, -0.11217873364650587, 0.5270492814944968, 0.2161842263556212, 1.1303967813929068, 0.0992891104111756, -0.3782082431747942, 0.31243948029304547, 0.6248943552247095, -0.8885528732177462, 0.4813479168113599, -0.17871567927575105, 0.3199703652599534, -0.042252929478060974, -0.3306262489579329, 0.42806887203262284, -0.0574471766700603, -0.4666050487849008, -0.27337605433883616, -0.03078614492879868, -0.2030200866552957, 0.14451733494710545, -0.3147617179253658, 0.07062420709477428, -0.536826148473592, -0.6056032227685337, -0.02354522186083995, 0.4206715357732322, 0.6190378975505266, -0.25634490851958597, 0.03312357956307373, -0.024976036370808787, -0.2660150788957804, -0.3991522901952199, 0.0370880758940897, -0.14226562065694237, 0.6204261029385258, -0.46787322621190186, -0.17546935159347896, -0.2462067605805354, -0.8379006999118513, 0.9139592230661234, -0.968636893419869, -0.646749379247387, 1.0872084153840678, -0.08636849454114626, -0.405456063990377, -0.05797093841792295, 0.3290534970268465, -1.1994425515352443, 0.32663981218681554, -0.44527813128443855, -0.6255855399233479, 0.17381077351018498, -0.13510568717226507, 0.47115935436155365, 0.27610842293325266, 0.6101931057912183, -1.365700167964176, -0.0662098077525943, 1.5873255044717207e-06, 0.0626161853397194, 0.8125878626981792, -0.4628925333559837, 0.7883886848291848, 0.767891741215651, -0.04704086502781549, 0.0025029555545267256, 0.058034169901276626, 0.3579116467346875, 0.7933109853061057, 0.3739311824131348, 0.03343650592417501, 0.5715509363817597, 0.48273895183547477, -0.13360844016318302, -0.014274992660719913, 0.9142456330327069, 0.19594918906338854, 0.6827687621565363, -0.28522600105439905, 0.4036724897980563, -0.1033748251685754, 0.5610937131394761, 0.5594916327790214, 0.18582018919242282, 0.8928501750042817, -0.09864745997604088, -0.24062858526987665, 0.09081664562046442, 0.10462603488497384, 0.6331478926071948, -0.5812884573545771, -0.3587540788138989, -0.44415953508065115, 0.9316299770021872, 1.0612048580862987, 0.1898495376450251, 0.05096241137435154, 0.7603981914875363, 0.09173315332343485, 0.8382237833904623, 0.034850458817534034, -0.7468722716435299, -0.543046906819206, -0.46602671022662046, -0.349751603443049, 0.8249017704733743, 0.3325592386490901, -0.10286642630519197, 0.32487633548105604, -0.49386776523830944, 0.13328255587386206, 0.5085663070377099, 